answer,relation,target
"The path from Stephen to Nettie is given as ""son, mother, mother."" This means that Stephen is the son of Nettie's mother, and since he is directly connected to Nettie through their mothers, Stephen is Nettie's brother. Therefore, the answer is brother.",brother,mother
"- The relation from Paul to Johnathan is given as grandson.
- A grandson's parent (in this case, Paul's parent) would be Johnathan's grandparent.
- Since ""brother"" is also mentioned in the relation path, it implies that Paul and Johnathan share a common sibling, who is their brother.

However, the direct connection from Paul to Johnathan without any intermediate relations does not provide enough information to determine the exact relationship between them, as they could be brother or grandson. Without additional context or clarification, we cannot definitively answer whether Paul is Johnathan's brother or grandson.

If there were more context, such as ""Paul is the son of Johnathan's sister,"" then we could conclude that Paul is Johnathan's brother. But with only the provided information, the answer remains uncertain.","based on the given context and incomplete information, the final conclusion in one word regarding the relationship between paul and johnathan cannot be determined conclusively. it could be either ""brother"" or ""grandson,"" depending on additional details. without more context, the relation remains ambiguous.",grandson
"The relations on the path from Ryan to John are father, son, son. This means that Ryan is John's father, and since there's a repetition of ""son,"" it indicates that Ryan is also John's grandparent (specifically, his maternal grandfather if the repeated ""son"" refers to John's father). However, the provided options do not include ""grandfather."" The most appropriate answer would be ""parent,"" which encompasses both father and grandfather since Ryan is a parent in this context. 

Answer: parent",parent.,nephew
"From the given context, we have the path Nettie → mother → son → John. This indicates that Nettie is John's mother. Therefore, Nettie is John's grandmother. 

Answer: grandmother",grandmother.,grandson
"For Carolina's sister, it means Carolina and the other person have a sister relationship. Since the path also includes ""brother"", it implies that the sister is the common connection between Carolina and William. Therefore, Carolina is William's sister.",sister.,brother
"- The path from Robert to Stephen includes ""son"" and ""uncle"". This means that Robert is Stephen's uncle because he is Stephen's parent's brother.
- However, since the relation also includes ""brother"", it implies that Robert and Stephen are brothers themselves.

Therefore, Robert is Stephen's brother.",brother.,brother
"The path from Luella to Paul includes the relationships ""father,"" ""sister,"" and then another ""father."" This indicates a cycle, where Luella's father is also Paul's father (as they share the same father). Since Luella is Paul's sister in this sequence as well, Luella would be Paul's sibling.

Therefore, the answer is sister.",sibling,grandfather
"The relations given are that Ryan is Jennifer's wife, son, and sister. However, since a person cannot be both their own son and wife (as those are distinct roles), there must be a mistake in the provided information. Assuming it's not a typo and one of these roles is intended to be a relationship between siblings rather than a marriage, we can deduce the correct answer based on the options.

If ""son"" is the intended relationship, then Ryan would be Jennifer's husband because a son cannot also be a wife. If ""sister"" is meant, then Ryan would be Jennifer's sibling, but that doesn't specify the exact relationship (e.g., they could be twin sisters or cousins).

However, if ""wife"" is the intended relationship and ""son"" is a typo, then Ryan is indeed Jennifer's husband.

Answer: If ""wife"" is the correct relationship, Ryan is Jennifer's husband. If there's a typo and ""son"" should be ""sibling,"" then Ryan is Jennifer's sibling. But given the context and typical familial roles, the most likely answer is ""husband.""",husband.,daughter
"The given path from Nettie to William is: Nettie is William's son's uncle. This means that Nettie is the uncle of William's son. Therefore, Nettie is William's brother (since uncle is the brother of the child's parent). So the answer is brother.","based on the provided context and conclusions, here are the relations in one word:

1. daughter
2. uncle
3. son
4. brother
5. mother
6. sister
7. aunt
8. grandmother

final conclusion (one-word relations): relative",son
"- We start with Stephen being Johnathan's son.
- Then, since Johnathan is Stephen's uncle, that means Johnathan is related to Stephen as an uncle.
- However, we also know that Stephen is Johnathan's son again, which would mean that Stephen is the younger of the two in this particular sequence (as a son can't be both a son and an uncle to the same person).

Given these steps, the correct relationship here would be:

{Stephen} is {Johnathan}'s younger son, as the first ""son"" relationship takes precedence over the ""uncle"" relationship. 

Therefore, the answer is: younger son.","based on the given context, the final conclusion for each pair in terms of relation is:

1. anthony to alan: nephew
2. carlos to annie: brother
3. michelle to beverly: aunt
4. jeanna to lee: sister
5. molly to craig: grandmother
6. stephen to johnathan: younger son

so, in one word for each pair, the relations are:

- anthony to alan: nephew
- carlos to annie: brother
- michelle to beverly: aunt
- jeanna to lee: sister
- molly to craig: grandmother
- stephen to johnathan: son",nephew
"From the given context, the path from Ryan to Jeanette goes as follows: daughter (of someone), aunt (by marriage), daughter (of Jeanette). Since Ryan is the daughter of Jeanette's daughter, Ryan is Jeanette's grandchild. Therefore, the answer is granddaughter.",granddaughter.,niece
"Since the path from Cecilia to Michael is sister, sister, son, it means that Cecilia is Michael's sister, and their relationship continues through their shared parent (the sister). Therefore, Cecilia is Michael's aunt. 

Answer: aunt",aunt.,nephew
"- Luella's relation to Michael is given as ""mother, husband, son.""
- Since ""husband"" implies that Michael is Luella's spouse, and ""son"" indicates that Michael is the offspring of Luella through their marriage, Luella would be Michael's mother in this context.

Therefore, the answer is: Luella is Michael's mother.",mother.,brother
"Since the relations on the path from April to Luella are sister, daughter, sister, we can deduce the relationship as follows:

- April is Luella's sister (because April is Luella's sister)
- Luella is April's sister (since the path includes sister twice, it means they are both sisters)

Therefore, April is also Luella's sister. The answer is sister.",sister.,niece
"Since the relations on the path from William to Jeanette are given as brother, sister, and daughter, we can deduce the relationship between them:

1. If William is Jeanette's brother, then their relationship would be direct siblings.
2. If William is Jeanette's sister, this would mean they are both female siblings, but it doesn't provide a specific role for William in relation to Jeanette.
3. If William is Jeanette's daughter, this implies that William is a younger sibling and Jeanette is their parent.

However, since we only have the path ""brother"" provided, the most appropriate answer based on the context given would be:

Answer: brother",brother,niece
"1. We know that Elise's relation to Nettie is given as ""father, sister, mother.""
2. Since ""father"" indicates a direct connection, we can infer that Elise is Nettie's parent.
3. However, ""mother"" also implies that Elise is Nettie's parent.
4. In this case, since there are two paths to indicate a parental relationship (both ""father"" and ""mother""), the most appropriate term would be ""parent,"" as it encompasses both possibilities without specifying the exact type (mother or father, as they share the same relation).

Therefore, the answer is: parent.",parent,grandmother
"The given relations are that Carolina is Katherine's husband's son. Since Carolina is the son of Katherine's husband, that makes Carolina Katherine's:

husband's son -> husband (because a son's parent is the husband)

husband's wife -> wife (because a husband's spouse is the wife)

Therefore, Carolina is Katherine's wife.

Answer: wife","based on the provided context and conclusions, the final relation in one word for each instance can be summarized as follows:

1. anthony to alan - nephew
2. carlos to annie - brother
3. michelle to beverly - aunt
4. jeanna to lee - sister
5. molly to craig - grandmother
6. carolina to katherine - wife

final conclusion (one-word relations): 
- nephew, brother, aunt, sister, grandmother, wife",daughter-in-law
"The given context states that Paul is related to Jennifer as a son, wife, and daughter. However, these relationships cannot be simultaneously true, as a person can be a son or a daughter of another person, but they cannot be both and also be their spouse. This appears to be a contradictory set of relationships.

Given the options, it seems there may be an error or missing information in the question or provided context. Assuming we're looking for the correct relationship based on the provided options, it's either:

1. If ""son"" is meant to be the primary relationship (which makes more sense since typically a person has only one parent who is their son), then Paul is Jennifer's husband, because a son would imply a marriage relationship.
2. If ""wife"" is meant to be the primary relationship, then Paul is Jennifer's wife, not her son, as being a wife doesn't imply any familial relationship in terms of children.

However, without clarification or additional context, it's difficult to give a definitive answer. In the absence of other options, the most logical relationship based on the provided set is that Paul is Jennifer's husband if ""son"" was a typo and ""wife"" was intended. If ""son"" is the correct relationship, the answer would be ""father,"" assuming Jennifer is a daughter of Paul. Since ""daughter"" doesn't fit into this scenario as a primary relationship, it would be unclear without further context.","husband (if ""son"" was a typo and ""wife"" was intended) or father (if ""son"" is correct).",granddaughter
"The context provided for {William} and {Johnathan} includes three relationships: brother, sister, and son. Since {brother} and {son} can't both be correct (as one would imply a gender relationship and the other an familial relationship), and there's no information about {William} being {Johnathan}'s sister, the most likely remaining relationship is that {William} is {Johnathan}'s brother. Therefore, the answer is brother.",brother.,nephew
"Since the relations on the path from Cecilia to Carolina are father, wife, daughter, we can deduce that:

- If Carolina's father is Cecilia, then Cecilia would be Carolina's mother.
- If Carolina is Cecilia's wife, that would imply they are both women and cannot have the father-daughter relationship given.
- If Carolina is Cecilia's daughter, then Cecilia would be Carolina's parent, specifically her mother.

Given the options, the most appropriate relationship is that Cecilia is Carolina's mother. Therefore, the answer is:

Answer: mother",mother.,sister
"Given the relations on the path from Paul to Michael are grandson, sister, and brother, we can analyze them as follows:

1. If Paul is Michael's grandson, that means Michael is Paul's parent (could be either father or mother).
2. If Paul is Michael's sister, that implies they are of the same gender and share a parent, but this doesn't establish a specific familial relationship beyond siblings.
3. If Paul is Michael's brother, then they are both male and share at least one parent, but again, this doesn't specify their exact relation like ""uncle"" or ""nephew.""

None of these relations directly answers the question about Paul being Michael's something without additional context or clarification. However, since the path includes ""brother,"" which implies a male familial connection, it seems more likely that Paul would be Michael's uncle (if Paul is Michael's father's brother) or nephew (if Paul is Michael's mother's brother). Without more information, it's not possible to definitively say whether Paul is Michael's uncle or nephew, so the answer remains incomplete without further context.","based on the available information, the final conclusion in one word regarding paul's relation to michael would be ""uncle"" or ""nephew."" however, without specific context, ""uncle"" is the most direct relation given the provided path.",grandson
"From the given context, the path from Paul to John includes the relations granddaughter, brother, and brother. Since Paul is a granddaughter of John's brother (and thus, John's uncle), and they both share the brother relation, Paul would be John's cousin by blood, specifically a cousin through their shared maternal uncle. Therefore, the answer is cousin.",cousin,grandson
"1. Ryan is Carolina's son.
2. Since Ryan is Carolina's son, and the path also includes ""mother,"" it means that Carolina is Ryan's mother.
3. However, we need to find the relationship between them in reverse, which would be the opposite direction of the path given.

Therefore, Ryan is Carolina's parent (specifically, her mother, as the other option would be father, but that's not part of the given path).",mother.,sister
"For William's wife, we have William's wife is the mother of Eldon. Since William's wife is also Eldon's mother, that takes care of two relationships in the chain. Now, for the remaining relationship, William's brother, since William's brother is Eldon's uncle, that gives us the final connection.

Therefore, William is Eldon's uncle.",uncle.,son
"Since the path from Elise to Carolina is given as ""father, father, daughter,"" this means that Elise is Carolina's grandmother (as she is the daughter of Carolina's father and the grandmother of someone). Therefore, the answer is grandmother.",grandmother.,aunt
"- For Kevin's brother, Paul would be Kevin's sibling.
- Since Kevin's brother is also mentioned as a son, it implies that Paul is Kevin's sibling who is also related through Kevin's parentage (as a brother).

Therefore, the answer is brother.",brother.,grandson
"- For Luella's sister, Mary is her sister.
- Since Mary is Luella's sister, Mary is also Luella's husband's sister-in-law.
- And since Mary is Luella's sister, Mary is Luella's daughter's aunt.

So, the relations are reduced to sister, sister-in-law, and aunt.

Therefore, Mary is Luella's sister.",aunt.,niece
"The given relations are Mary is Cecilia's daughter's brother and aunt. Since a person can only be someone's brother if they are siblings (not necessarily biological), Mary would be Cecilia's brother. However, the context also states that Mary is Cecilia's aunt, which implies a familial relationship where Mary is an older female relative of Cecilia. In this case, being both brother and aunt means Mary and Cecilia share a parent, making Mary Cecilia's aunt based on the given options.

Therefore, the answer is aunt.",aunt.,sister
"1. William is Paul's sister's son.
2. Since William is a son of Paul's sister, that means William is a nephew to Paul (because Paul's sister would be William's aunt).
3. But William is also given as Paul's grandfather, which directly connects them without the need for the intermediate step of sister and son.

Therefore, William is Paul's grandfather.",grandfather.,father
"- Jennifer's mother is Stephen's aunt because they share the relationship of ""uncle.""
- Jennifer's daughter would be Stephen's niece because she is the child of Jennifer, who is Stephen's aunt.

Therefore, Jennifer is Stephen's niece.",niece.,uncle
"Since Mary is Jeanette's mother and Jeanette is Mary's daughter, we can deduce that Mary is Jeanette's parent. Specifically, she is Jeanette's mother. Therefore, the answer is mother.",mother.,niece
"From the given relations, we know that Mary is Jennifer's husband's sister. Since Mary is Jennifer's husband's relative through marriage, Mary would be Jennifer's:

Answer: sister-in-law.",sister-in-law.,daughter
"Since the path from Wayne to Carolina is given as ""mother, mother, daughter,"" it means that Carolina is Wayne's grandchild through her mother. Therefore, Wayne is Carolina's grandmother. 

Answer: grandmother",grandmother.,aunt
"For sister’s mother, we have sister’s mother is mother. So the relations are reduced to mother, daughter. For mother’s daughter, we have mother’s daughter is self. Therefore, {Johnathan} is {Jennifer}'s mother.","based on the provided context and the conclusion for each relationship, the final conclusion in one word would be:

- daughter
- brother
- aunt
- sister
- grandmother

since jennifer is johnathan's child, the most appropriate single-word relation is ""daughter.""",sister
"- Jose's relation to Ryan is given as mother, daughter, father.
- Since Jose is Ryan's mother, and then Ryan's mother would be Ryan's parent.
- The term for a child's parent is ""parent"".

Therefore, Jose is Ryan's parent.",parent.,father
"For father’s son, we have father’s son is brother. So the relations are reduced to brother, daughter. For brother’s daughter, we have brother’s daughter is sister. So the relations are reduced to sister, sister (since a brother's daughter would also be her own sister).

Therefore, {April} is {Jeanette}'s sister.

Answer: sister.",sibling.,niece
"The relations on the path from Nettie to John are given as daughter, husband, son. This means that Nettie is John's wife because they are connected through marriage (husband). Since marriage also creates a family relationship where the wife is the daughter of the husband and the son's mother, Nettie is both John's daughter-in-law and his wife.

Therefore, the answer is wife and daughter-in-law.",wife,grandson
"- We know that Stephen is Ryan's father.
- Then, since Stephen is Ryan's father, Ryan is Stephen's son.

Therefore, the answer is son.",son.,brother
"1. Carolina is Stephen's husband's daughter.
2. Since Carolina is the daughter of Stephen's husband, that means Carolina is Stephen's wife (as she would be married to her husband).

Therefore, the answer is wife.",wife,brother
"- Luella is Paul's mother.
- Mother's son is her child.
- Grandfather is the father of one's own parent.

So, since Luella is Paul's mother and Paul's grandfather is Luella's husband (because Luella is Paul's mother), Luella is also Paul's grandmother.

Therefore, the answer is grandmother.",grandmother.,grandfather
"Since the relations on the path from Cecilia to Eldon are father, daughter, son, it means that:

1. Cecilia is Eldon's father.
2. As Cecilia is Eldon's father, Eldon would be Cecilia's child.
3. Specifically, since the path includes ""daughter"" as well, we know that Eldon is not only a son but also a daughter of Cecilia.

Therefore, the relationship between Cecilia and Eldon is unique because they cannot both be each other's typical parent-child roles (father and son or mother and son). In this context, ""son"" refers to Eldon being one of Cecilia's sons, not her biological son in the traditional sense, as she can also be his father.

Answer: {Cecilia} is {Eldon}'s parent (since they have a non-binary parent-child relationship where Cecilia acts as both mother and father). However, without more specific information, we cannot determine if she's his biological mother or father. So, a more precise answer might be ""co-parent"" or ""parental figure.""",parent.,nephew
"From the given context, we have the relations David to Nettie as brother, mother, and mother. Since a child typically has only one biological mother, and David is related to Nettie through two mothers, this suggests that one of them is not a biological connection but a stepmother or adoptive mother. In this case, since David's brother relationship with Nettie implies a shared parent (a biological mother), it is logical to conclude that the second ""mother"" relationship refers to Nettie being David's stepmother.

Therefore, David is Nettie's stepbrother.",stepbrother.,grandmother
"1. We know that Eldon and Mary have the relation of brother.
2. Since they are brother and sister, it means Mary is Eldon's sister.

Therefore, the answer is sister.",sibling,aunt
"- Jennifer's relation to Elise is given as ""father.""
- If Jennifer is Elise's father, then Elise would be Jennifer's child.
- The relationship where someone is a child of their parent is called ""daughter.""

Therefore, Jennifer is Elise's daughter.",daughter.,sister
"For the path given, April is John's son, and then John is April's father. Since we have a cycle of ""son-father-son"", it creates an ambiguity in determining their direct relationship without additional context. However, focusing on the direct path, April would be John's son. Therefore, the answer is son.",son.,son
"For brother's brother, we have brother's brother is brother. So the relations are reduced to brother, son. For brother's son, we have brother's son is nephew. Therefore, Robert is Charles' nephew.",nephew.,nephew
"From the given context, we know that the relations between Elise and Nettie are father, son, and grandmother. This means that Nettie is Elise's grandson. So, the answer is:

Answer: grandson",grandson.,grandmother
"From the given relations, April is Paul's grandson through their shared brother. Therefore, April is Paul's grandson.",grandson.,father
"The given path from Kevin to Ryan is father, son, uncle. This means that Kevin is Ryan's father, and since Kevin is also an uncle to Ryan (as he's the son's father), we don't need to consider the uncle relation in this context.

Therefore, Kevin is Ryan's father.",father.,uncle
"Given the relations on the path from Robert to Katherine as daughter, brother, and wife, we can deduce the family connections:

1. Daughter means Katherine is Robert's child.
2. Brother means Robert is Katherine's sibling.
3. Wife means Robert is married to Katherine.

From these, we can see that since Robert is Katherine's brother and they are also married, Robert would be Katherine's husband. Therefore, the answer is:

Robert is Katherine's husband.",husband,daughter-in-law
